[
    {
        "id": "225f0dee86e052ce",
        "type": "tab",
        "label": "lab01",
        "disabled": false,
        "info": "",
        "env": []
    },
    {
        "id": "f4945bab53e02120",
        "type": "tab",
        "label": "lab02",
        "disabled": false,
        "info": "",
        "env": []
    },
    {
        "id": "fa472d3bffe73a67",
        "type": "tab",
        "label": "lab03",
        "disabled": false,
        "info": "",
        "env": []
    },
    {
        "id": "239e277b0b676c19",
        "type": "tab",
        "label": "lab04",
        "disabled": false,
        "info": "",
        "env": []
    },
    {
        "id": "1ef7d4b6e100aa8a",
        "type": "tab",
        "label": "lab05",
        "disabled": false,
        "info": "",
        "env": []
    },
    {
        "id": "59ff2a1.fa600d4",
        "type": "http in",
        "z": "225f0dee86e052ce",
        "name": "",
        "url": "/lab01",
        "method": "get",
        "upload": false,
        "swaggerDoc": "",
        "x": 160,
        "y": 180,
        "wires": [
            [
                "54c1e70d.ab3e18"
            ]
        ]
    },
    {
        "id": "54c1e70d.ab3e18",
        "type": "template",
        "z": "225f0dee86e052ce",
        "name": "Say Hello",
        "field": "payload",
        "fieldType": "msg",
        "format": "handlebars",
        "syntax": "mustache",
        "template": "<html>\n    <head></head>\n    <body>\n        <h1>Hello 南臺科技大學!</h1>\n    </body>\n</html>",
        "x": 340,
        "y": 180,
        "wires": [
            [
                "266c286f.d993d8"
            ]
        ]
    },
    {
        "id": "266c286f.d993d8",
        "type": "http response",
        "z": "225f0dee86e052ce",
        "name": "",
        "x": 490,
        "y": 180,
        "wires": []
    },
    {
        "id": "50581a718c560fee",
        "type": "http in",
        "z": "f4945bab53e02120",
        "name": "",
        "url": "/lab02",
        "method": "get",
        "upload": false,
        "swaggerDoc": "",
        "x": 160,
        "y": 200,
        "wires": [
            [
                "26a12d3db1ae8103"
            ]
        ]
    },
    {
        "id": "26a12d3db1ae8103",
        "type": "template",
        "z": "f4945bab53e02120",
        "name": "Show Image",
        "field": "payload",
        "fieldType": "msg",
        "format": "handlebars",
        "syntax": "mustache",
        "template": "<!DOCTYPE html>\n\n<head>\n    <meta charset=\"UTF-8\">\n    <title>Formating Document</title>\n</head>\n\n<body>\n\n    <img src=\"lab02/img/sf-th.jpg\">\n    <h1>San Francisco</h1>\n    <p>United States · 理想停留天數: 4 天</p>\n\n    <p>\n        This beautiful city is popular the world over due to its cable cars and the iconic Golden Gate Bridge. But there is more to the city than meets the tourist's eye. San Francisco also boasts of a unique mix of seaside views and diverse dining options, thanks to an area known as Fisherman's Wharf. Those who love vintage clothing and vinyl records may head over to Haight Ashbury to get their fill of the oldies but goodies. Hundreds of centuries-old buildings in the Presidio are also available for the history buffs.\n    </p>\n\n    <p>\n        <b>最受歡迎的特色:</b> Leisure, Outdoors, Arts & Culture, Entertainment\n    </p>\n    <p>\n        <b>最佳造訪時節:</b> 6 月-9 月 · 平均 0.2 公分降雨量 · 平均最高 27°C · 最低 13°C\n    </p>\n\n</body>\n\n</html>",
        "x": 350,
        "y": 200,
        "wires": [
            [
                "d7499bfc3b8cdd9b"
            ]
        ]
    },
    {
        "id": "d7499bfc3b8cdd9b",
        "type": "http response",
        "z": "f4945bab53e02120",
        "name": "",
        "x": 530,
        "y": 200,
        "wires": []
    },
    {
        "id": "967c6ad1686e50ac",
        "type": "http in",
        "z": "fa472d3bffe73a67",
        "name": "",
        "url": "/lab03",
        "method": "get",
        "upload": false,
        "swaggerDoc": "",
        "x": 140,
        "y": 200,
        "wires": [
            [
                "13f61052e3b8b18d"
            ]
        ]
    },
    {
        "id": "13f61052e3b8b18d",
        "type": "template",
        "z": "fa472d3bffe73a67",
        "name": "Inline JS/CSS",
        "field": "payload",
        "fieldType": "msg",
        "format": "handlebars",
        "syntax": "mustache",
        "template": "<!DOCTYPE html>\n<html lang=\"zh-TW\">\n  <head>\n    <title>Week 05 - 課堂練習 02</title>\n    <meta charset=\"UTF-8\" />\n\n    <script language=\"JavaScript\">\n      function testResults(form) {\n        var name = form.inputbox.value;\n        var msg = \"\";\n        if (name != \"\")\n          msg = name + \" 同學你好，歡迎加入我們的 HTML/CSS 學習。\";\n        document.getElementById(\"msg\").innerText = msg;\n      }\n    </script>\n\n    <style>\n      input[type=\"button\"] {\n        width: 60px;\n        height: 30px;\n        color: antiquewhite;\n        background-color: rgb(42, 71, 165);\n      }\n\n      #msg {\n        font-size: 20px;\n        width: fit-content;\n        color: antiquewhite;\n        background-color: rgb(0, 81, 255);\n      }\n    </style>\n  </head>\n  <body>\n    <form name=\"myform\" action=\"\" method=\"GET\">\n      請輸入你/妳的名字 <br />\n      <input type=\"text\" name=\"inputbox\" value=\"\" />\n      <p>\n        <input\n          type=\"button\"\n          name=\"button\"\n          value=\"Click\"\n          onClick=\"testResults(this.form)\"\n        />\n      </p>\n    </form>\n\n    <div>Updated by Javascript:</div>\n    <p id=\"msg\"></p>\n  </body>\n</html>\n",
        "x": 340,
        "y": 200,
        "wires": [
            [
                "f4f134220484e8fb"
            ]
        ]
    },
    {
        "id": "f4f134220484e8fb",
        "type": "http response",
        "z": "fa472d3bffe73a67",
        "name": "",
        "x": 530,
        "y": 200,
        "wires": []
    },
    {
        "id": "648a90ab3dadacb4",
        "type": "http in",
        "z": "239e277b0b676c19",
        "name": "",
        "url": "/lab04",
        "method": "get",
        "upload": false,
        "swaggerDoc": "",
        "x": 200,
        "y": 200,
        "wires": [
            [
                "1a5e1d7cd83f763b"
            ]
        ]
    },
    {
        "id": "1a5e1d7cd83f763b",
        "type": "template",
        "z": "239e277b0b676c19",
        "name": "Extrnal CSS",
        "field": "payload",
        "fieldType": "msg",
        "format": "handlebars",
        "syntax": "mustache",
        "template": "<!DOCTYPE html>\n<html lang=\"zh-TW\">\n  <head>\n    <title>Week 07 - 課堂練習 03</title>\n    <meta charset=\"UTF-8\" />\n    <link rel=\"stylesheet\" href=\"lab04/style.css\" />\n  </head>\n  <body>\n    <h2>What Can JavaScript Do?</h2>\n\n    <p id=\"msg\"></p>\n\n    <button id=\"dark\" type=\"button\" onclick=\"dark()\">Dark Mode</button>\n    <button id=\"normal\" type=\"button\" onclick=\"normal()\">Normal Mode</button>\n\n    <script>\n      function dark() {\n        disp(\"Dark Mode\");\n      }\n\n      function normal() {\n        disp(\"Normal Mode\");\n      }\n\n      function disp(s) {\n        var msg = document.getElementById(\"msg\");\n        msg.innerText = s;\n      }\n    </script>\n  </body>\n</html>\n",
        "x": 410,
        "y": 200,
        "wires": [
            [
                "1a01c76d45cb14d6"
            ]
        ]
    },
    {
        "id": "1a01c76d45cb14d6",
        "type": "http response",
        "z": "239e277b0b676c19",
        "name": "",
        "x": 610,
        "y": 200,
        "wires": []
    },
    {
        "id": "baee8b74d2752885",
        "type": "http in",
        "z": "1ef7d4b6e100aa8a",
        "name": "",
        "url": "/lab05",
        "method": "get",
        "upload": false,
        "swaggerDoc": "",
        "x": 160,
        "y": 200,
        "wires": [
            [
                "a6b9ab77445651e5"
            ]
        ]
    },
    {
        "id": "a6b9ab77445651e5",
        "type": "template",
        "z": "1ef7d4b6e100aa8a",
        "name": "Extrnal JS",
        "field": "payload",
        "fieldType": "msg",
        "format": "handlebars",
        "syntax": "mustache",
        "template": "<!DOCTYPE html>\n<html lang=\"zh-TW\">\n\n<head>\n  <title>Week 05 - 課堂作業 2</title>\n  <meta charset=\"UTF-8\" />\n  <style>\n    #newrow {\n      color:rgb(4, 3, 24);\n      background-color: rgb(221, 186, 186);\n    }\n  </style>\n\n</head>\n\n<body>\n  <button type=\"button\" onclick=\"addRec()\">Add Record</button>\n  <button type=\"button\" onclick=\"update()\">Update</button>\n <table id=\"roaster\">\n    <tr>\n      <th>時 間 (sec)</th>\n      <th>爐 溫 (&#176C)</th>\n      <th>豆 溫 (&#176C)</th>\n      <th>狀 態</th>\n    </tr>\n    <tr>\n      <td>0</td>\n      <td>200</td>\n      <td>180</td>\n      <td>空鍋</td>\n    </tr>\n    <tr>\n      <td>120</td>\n      <td id=\"update\">180</td>\n      <td>90</td>\n      <td>回溫點</td>\n    </tr>\n  </table>\n  \n  <h2 id=\"overflow\" style=\"color:red;\"></h2>\n \n  <script src=\"lab05/main.js\"></script>\n</body>\n\n</html>",
        "x": 370,
        "y": 200,
        "wires": [
            [
                "bb46609ab3b81764"
            ]
        ]
    },
    {
        "id": "bb46609ab3b81764",
        "type": "http response",
        "z": "1ef7d4b6e100aa8a",
        "name": "",
        "x": 590,
        "y": 200,
        "wires": []
    }
]